epoch,train_total_loss,train_loss_mse,train_loss_link,train_mjpe_mean,train_mjpe_NOSE,train_mjpe_LEFT_SHOULDER,train_mjpe_RIGHT_SHOULDER,train_mjpe_LEFT_ELBOW,train_mjpe_RIGHT_ELBOW,train_mjpe_LEFT_WRIST,train_mjpe_RIGHT_WRIST,train_mjpe_LEFT_HIP,train_mjpe_RIGHT_HIP,train_mjpe_LEFT_KNEE,train_mjpe_RIGHT_KNEE,train_mjpe_LEFT_ANKLE,train_mjpe_RIGHT_ANKLE,train_pck_10_mean,train_pck_10_NOSE,train_pck_10_LEFT_SHOULDER,train_pck_10_RIGHT_SHOULDER,train_pck_10_LEFT_ELBOW,train_pck_10_RIGHT_ELBOW,train_pck_10_LEFT_WRIST,train_pck_10_RIGHT_WRIST,train_pck_10_LEFT_HIP,train_pck_10_RIGHT_HIP,train_pck_10_LEFT_KNEE,train_pck_10_RIGHT_KNEE,train_pck_10_LEFT_ANKLE,train_pck_10_RIGHT_ANKLE,train_pck_5_mean,train_pck_5_NOSE,train_pck_5_LEFT_SHOULDER,train_pck_5_RIGHT_SHOULDER,train_pck_5_LEFT_ELBOW,train_pck_5_RIGHT_ELBOW,train_pck_5_LEFT_WRIST,train_pck_5_RIGHT_WRIST,train_pck_5_LEFT_HIP,train_pck_5_RIGHT_HIP,train_pck_5_LEFT_KNEE,train_pck_5_RIGHT_KNEE,train_pck_5_LEFT_ANKLE,train_pck_5_RIGHT_ANKLE,val_total_loss,val_loss_mse,val_loss_link,val_mjpe_mean,val_mjpe_NOSE,val_mjpe_LEFT_SHOULDER,val_mjpe_RIGHT_SHOULDER,val_mjpe_LEFT_ELBOW,val_mjpe_RIGHT_ELBOW,val_mjpe_LEFT_WRIST,val_mjpe_RIGHT_WRIST,val_mjpe_LEFT_HIP,val_mjpe_RIGHT_HIP,val_mjpe_LEFT_KNEE,val_mjpe_RIGHT_KNEE,val_mjpe_LEFT_ANKLE,val_mjpe_RIGHT_ANKLE,val_pck_10_mean,val_pck_10_NOSE,val_pck_10_LEFT_SHOULDER,val_pck_10_RIGHT_SHOULDER,val_pck_10_LEFT_ELBOW,val_pck_10_RIGHT_ELBOW,val_pck_10_LEFT_WRIST,val_pck_10_RIGHT_WRIST,val_pck_10_LEFT_HIP,val_pck_10_RIGHT_HIP,val_pck_10_LEFT_KNEE,val_pck_10_RIGHT_KNEE,val_pck_10_LEFT_ANKLE,val_pck_10_RIGHT_ANKLE,val_pck_5_mean,val_pck_5_NOSE,val_pck_5_LEFT_SHOULDER,val_pck_5_RIGHT_SHOULDER,val_pck_5_LEFT_ELBOW,val_pck_5_RIGHT_ELBOW,val_pck_5_LEFT_WRIST,val_pck_5_RIGHT_WRIST,val_pck_5_LEFT_HIP,val_pck_5_RIGHT_HIP,val_pck_5_LEFT_KNEE,val_pck_5_RIGHT_KNEE,val_pck_5_LEFT_ANKLE,val_pck_5_RIGHT_ANKLE
1,0.016238968419718426,0.016043801066988907,0.00019516735305301922,0.10830597181606223,0.11265190973422806,0.09123046547596853,0.09352008301026209,0.10953530819164133,0.10985565181731655,0.13184932887352507,0.13101037709013816,0.049643812521245674,0.05029096823606719,0.10263294786563648,0.09522521437977624,0.16924988824653425,0.16128162574227395,0.5654348411588626,0.5892705285339872,0.7187271397220191,0.7128131858126997,0.565366678860995,0.5839360826638552,0.4399369056333175,0.44059871068468215,0.8512881766642283,0.8556316294806144,0.5278712509155011,0.5786485003679446,0.21272517373920272,0.2738386978829265,0.2817402756065246,0.2661930779083724,0.4108266276528823,0.41017510973042437,0.2433042245799159,0.26382703913734096,0.13574433065106073,0.13832182699341625,0.6678893105361963,0.664620290784916,0.15256606620391006,0.20922755120811273,0.03521625822970007,0.06471173189465984,0.011134747062614773,0.01111712827624025,1.7618793760583486e-05,0.08282511136433215,0.07565975517558143,0.059446907014549216,0.058858519810010536,0.07952511918459682,0.07729160617682455,0.1018258856274024,0.10110224378711133,0.029069337250711192,0.031818722467460446,0.0850116621926536,0.07847503595610489,0.15175900566848444,0.14688260760567373,0.7032004687089697,0.7838387923045179,0.8721101166214112,0.8781924502566828,0.739002798347138,0.7650412671911594,0.5940437113121697,0.5951860860361012,0.9751998417373982,0.9737814669204142,0.6669830089955867,0.7201491876193057,0.27256559060223806,0.30551144144720077,0.37755100023257787,0.36659011476036396,0.5159017379950639,0.5455414915067385,0.33945650119732623,0.3701633566207802,0.18842246020171863,0.19376977754546817,0.8711035280416162,0.8430563098864186,0.24012598591702575,0.30779176309028444,0.05138472346575333,0.07485506305059263
2,0.009528553533952358,0.009509826193382417,1.8727341078591547e-05,0.0748296556483352,0.06928976674665695,0.0527898747652453,0.053177146660743094,0.0712135150809258,0.06843968316089653,0.09373851447558983,0.09193003317715917,0.02644928813051506,0.027292076259137463,0.07779083035180472,0.07071354376300679,0.13808486310066145,0.13187635193450134,0.7544404613596728,0.820078182150695,0.9072021305800879,0.9080788222384785,0.7964383686927434,0.8200644659860865,0.6547275054886469,0.6562191386269058,0.9842321232626189,0.9842378383321141,0.730686494149949,0.7809813917337235,0.3615398683258889,0.40323930139426517,0.4327791932079159,0.4232626188745356,0.591371388077169,0.5969915874220633,0.40992136064429047,0.4305607626199635,0.23889219092958672,0.24942277798098025,0.9003154718383176,0.8963549286781128,0.31094435808448434,0.37194700987673013,0.09043183065160575,0.11571301207022677,0.008335802944426153,0.00832087215306142,1.493079122953946e-05,0.07116480128591442,0.0703738888842906,0.05305974279553527,0.054207157433622054,0.06844140127257582,0.06826586268656774,0.08818394984193637,0.08883151175293356,0.027020669418167578,0.028418683963739158,0.07175296243951051,0.06455178654004068,0.12432844635224621,0.11770632134895025,0.7816158344159189,0.815736728391745,0.9032199026724954,0.9039549189640174,0.8164141830902323,0.8266232347069513,0.7023464435626962,0.6919086218142055,0.9779008052708639,0.9778092972181552,0.778498854679035,0.8266291384466571,0.4505133306386705,0.48945000706619607,0.46172921452262217,0.4365967269523252,0.6040653190186921,0.5923463845322806,0.45613517214054594,0.4516911278444712,0.28318200065136656,0.27402676757572336,0.8921961341909573,0.8879380578701528,0.37601987199413306,0.4518815236245207,0.13465705143061424,0.1617434350323712
3,0.007025924063944779,0.007012216428057348,1.37076371843258e-05,0.06453746250723628,0.06407841247722408,0.04762021998173796,0.048184424372364025,0.062319772131332274,0.06145519510677307,0.08224236648448013,0.08136531253956428,0.023641158621410766,0.023920254098679313,0.06509722013506104,0.05882468622384951,0.11266018316999961,0.10757777594226114,0.8189424968868951,0.8495496525248648,0.9300452633525824,0.9292828730840968,0.851649369060688,0.8609763624769279,0.7364335680365475,0.7375308613796345,0.9886190106093491,0.9889847750570447,0.8259795629136651,0.8649334765932555,0.5225070866905344,0.5597601956861596,0.5082475676827389,0.47588126371725686,0.6568935168273448,0.6581954096567264,0.5003497622574693,0.5043057333582627,0.32186928493104977,0.32817072055596197,0.9223756400899636,0.9222441934915729,0.44481643197217297,0.5094447238500222,0.16760584308705193,0.19506560899889547,0.00732090998196219,0.007309417899781197,1.1492079354534458e-05,0.06618024145919792,0.06640441328734378,0.049586682186337896,0.0509158370888207,0.06417852950229215,0.06508641775375666,0.08186919980656525,0.0838917160125812,0.025733026640426974,0.025621181993443917,0.06574132365459578,0.05997452457294981,0.11317896376068037,0.10816129121934862,0.8123560701858247,0.8396749396973439,0.9169092121619955,0.9150318211029075,0.841682213117228,0.8473099583588093,0.7471470150382068,0.7222154985235166,0.9807375549048316,0.9803257686676428,0.819578590626947,0.857415694443408,0.5315437113121697,0.5610565342456321,0.5016359241016612,0.4644299343250157,0.6479508100107508,0.6328977353401798,0.5039938837071638,0.48098846406049994,0.3417958602811023,0.31351544418935373,0.9035431327268285,0.9040434751468731,0.45055465686024543,0.5080261417660497,0.16884121285699646,0.2006860151996026
4,0.0057691341461395765,0.005759092691799335,1.0041455799413569e-05,0.05877098295668681,0.06028392012200394,0.044268490418235835,0.04471019505991191,0.05742814019118009,0.05692449947934933,0.07578582509986964,0.07565588924159032,0.021722949939611658,0.021902530683523377,0.05817701659439883,0.052495347010959606,0.09962250072925999,0.09504544583981109,0.8523991300445799,0.8704405175610538,0.9432379297732261,0.9428035844915874,0.8791491404535479,0.8855305870541187,0.778355888809788,0.7747096744718217,0.9917017190929042,0.9918274506217996,0.8693820866861741,0.9010892922457937,0.6103454188013827,0.6426149872026046,0.5561990250983897,0.5150752103156475,0.6985620885171765,0.7001428767417414,0.5531021397241992,0.5537090801035041,0.3737941203365033,0.37576467629955385,0.9370370793708851,0.9374714246525238,0.5246993873456401,0.5863958485778789,0.22295286210734824,0.25188025786393564,0.006904454493423376,0.006892447389176833,1.200710623495282e-05,0.06369292109899255,0.06634863230398425,0.04825275238619717,0.049447652487027,0.06219511773944512,0.06335037444632277,0.07955222576856613,0.0810173521361056,0.024147136743680887,0.02419113560741983,0.06295847745494997,0.05645464821602729,0.10759001443405276,0.10250242322268807,0.8256879760004242,0.8404940844105767,0.9218506470082619,0.9212086146607406,0.8526676072906785,0.8525318211029075,0.7577634250437009,0.738188081482319,0.9811950951683748,0.9808748169838946,0.8383938269594229,0.8694150568276513,0.5713541420452067,0.6080060690248693,0.5256799483674511,0.467811304470456,0.6625522481574845,0.6549497000644008,0.5238983611062191,0.5089486019677683,0.3593122727001743,0.3473335734049014,0.9124238416007113,0.9108667288133725,0.4872582416059681,0.5610609620067769,0.1995864426321725,0.23783680866438334
5,0.004989809618968838,0.004981884511423399,7.925109161294348e-06,0.05486040671601968,0.0574406902261498,0.041761355710658025,0.0422462010078252,0.0539101997149213,0.0536870934135923,0.07137354640133445,0.07166297636904373,0.020209896632510386,0.02037354845443949,0.05373217213909798,0.04837051696731997,0.09113231825491723,0.08728474537598756,0.8741910426326276,0.8859683613796345,0.9524803401652966,0.9524483357739431,0.897922000732619,0.9011018654030435,0.8061459857395468,0.8020082754249893,0.9934448152889539,0.9934791057059253,0.8948404352618728,0.9215446689875351,0.6681076261898246,0.6949913130954573,0.5910380019505876,0.5446392648145502,0.7293160204838991,0.7313985918112367,0.5910147677401207,0.5902878109041408,0.4103419897585955,0.4113695592549306,0.9486649597680908,0.9487358266276518,0.576329325165684,0.6385412856625787,0.26576216166788585,0.29709217264081933,0.006560872261014278,0.006552569870871122,8.302388508392013e-06,0.06092726681954166,0.0627657118693845,0.04589980623601645,0.04664803170333146,0.058929222762737404,0.059825687485134796,0.07634412731817142,0.0776019982426355,0.022914576795535765,0.022937883463405934,0.06047571939177604,0.05496836941291089,0.10335081938441466,0.09939248562622734,0.8390277169459386,0.8524403130501989,0.9253279530111902,0.9272038680917173,0.8636028195893607,0.8673546497504149,0.779046427016726,0.7684713431891724,0.9814238653001464,0.981927159590044,0.8462162895747195,0.875407358388775,0.6100207221630203,0.628917135047354,0.5583113135216351,0.5227736976450393,0.6980514688687304,0.6972766022032909,0.570108451789155,0.5538775798691489,0.39871386906587536,0.38087127472261734,0.915672377471868,0.9172722925029771,0.526106361850638,0.5799588508696717,0.23834600669398665,0.25901797099658025
6,0.00445421898514683,0.00444755628381838,6.662701946619257e-06,0.05205364314799729,0.05525612149621962,0.040066294679343264,0.04032872730985981,0.051446215938381584,0.05122886745132446,0.06827336632671828,0.06865207260527703,0.019113076496160786,0.01919049263169448,0.0505191157500436,0.04553408537096812,0.08534092428918925,0.08174797485568223,0.8895157824686695,0.8970978877124947,0.9593349945157134,0.9595293068785518,0.9104139996364157,0.913757315291134,0.8254537765201025,0.8210760332867448,0.9947992867593269,0.9947535662033651,0.911985643747608,0.9352425475493782,0.7085360277991881,0.7317243507724656,0.61683793636836,0.5691591989802198,0.7511750182904026,0.7541045629158453,0.6181030541374986,0.6175395482830872,0.4391299378244041,0.4388841898361086,0.9567975036598246,0.956688917339415,0.6150546360654646,0.6746742410398611,0.2978008412582297,0.3297812271408121,0.006381309432888439,0.0063717990548119476,9.510380755460867e-06,0.06000667163014063,0.06305709162980623,0.04505527590021033,0.04599357668534031,0.05830505591753112,0.05925506839356869,0.07527658320952474,0.07654154782850257,0.02269141409153427,0.02327488523554793,0.05920729182638763,0.05363000858722372,0.10135555703678382,0.09644334803650355,0.8459437272646416,0.8609476101695183,0.9302649600963118,0.9275182425364917,0.8698194634338423,0.8736185235125429,0.7832867921184132,0.7742407782709616,0.9818356515373353,0.9817441434846267,0.8558718650267728,0.8841891795789515,0.6209972606396431,0.6529335710349579,0.5675479507463743,0.513476774598285,0.7095800075314579,0.7092154512991843,0.5752284749360594,0.5648541184330406,0.40927566947909083,0.3948277286956111,0.9202920582423622,0.9184176190531271,0.5407387946744614,0.5994544938577565,0.24804733621602876,0.2747145539059646
7,0.004037455917930813,0.004031805027917201,5.650892769388482e-06,0.0497491974676547,0.05340609779471059,0.03852609942116023,0.038759122124035796,0.04932700330221204,0.049276166642527555,0.0656647422094097,0.06624465462586134,0.018185743577839655,0.01822850029985744,0.047929031836398996,0.04320430512633379,0.08061308167253477,0.07737499419817784,0.9016580196218763,0.9067186356986101,0.9641893745427944,0.9648043160226629,0.920966303950256,0.9238672732282226,0.8413268105340161,0.8351751097315144,0.9957937088514996,0.9957594184345282,0.9245816569151282,0.9456554041697147,0.7414308248010096,0.761284976227491,0.6388340960934639,0.5890956474052526,0.7704999542794441,0.7730180139012292,0.6422766550841258,0.638917337239181,0.46373331200143414,0.46214566569183985,0.9630635058522312,0.9626463057790783,0.6481014539180399,0.7049572512823556,0.3283147403116024,0.35807310717334345,0.006096090728895654,0.006089472701421245,6.618035431378064e-06,0.05840585760412244,0.06144770410724562,0.04418917252555337,0.04549374308649827,0.0566679087125234,0.05804113051574541,0.07295355367941965,0.07516887117215428,0.022596700733328458,0.022200157124096443,0.05732078559554862,0.052104574405911375,0.09784883187639241,0.09324298562321097,0.8530742041275756,0.8608590538993935,0.9320980729330686,0.9278429484821169,0.8765453053079273,0.8749453902768182,0.7958794809539705,0.7831598616274699,0.9834827964860908,0.9836200585651538,0.8591661549242838,0.8893638123181344,0.6480924998509587,0.6749087870557346,0.581397683126511,0.5309946629959179,0.7161715391963328,0.7122352170385693,0.5929456146796661,0.5725954044964792,0.4299653450008018,0.411532376119717,0.9199717800578819,0.9212971709308653,0.5667846431494806,0.6197264794898417,0.27106899114688354,0.29288037830355573
8,0.003703411495832191,0.0036986060445862888,4.805451756771404e-06,0.04782474154692304,0.05187740622956276,0.03721654951884449,0.03745007793532838,0.04753540444202127,0.04764374374529863,0.06348294780222426,0.0643330465364539,0.01741215060093735,0.017382345211725537,0.045741235486816974,0.04120238554229975,0.07679099849089381,0.07365332556453799,0.9113160482094771,0.9147174469663352,0.9686734180709439,0.9689534564762109,0.9286565014652379,0.9303653072443162,0.8546177761543381,0.8465881035135189,0.9963595007315289,0.9964109363569861,0.9344230065859401,0.9530449890270666,0.767954462328442,0.7863432699385227,0.6581262372319683,0.6069335223127214,0.7859797915164449,0.7886887344571911,0.6636978785705636,0.6579485186583471,0.4857820501140896,0.48372233906473305,0.9678984546452085,0.9679784656181419,0.6749931419187858,0.730246433798815,0.3554738935630907,0.3862975493792905,0.006031529999393997,0.0060245067220028505,7.023267540277222e-06,0.058047022291433235,0.061406636962429845,0.0441784848040447,0.04531840678702598,0.05625685103412167,0.05751773376034172,0.07213892345623513,0.07455797304466127,0.022162104329560634,0.02229046561355712,0.05735218763558704,0.051276642270113505,0.09803155589286963,0.09212329535367374,0.8550996430010956,0.8632810655135885,0.9322825650170468,0.9318265007320644,0.8775563217361361,0.8786116161248695,0.799406968744398,0.7865028573339191,0.9836200585651538,0.9833455344070278,0.8594421550609705,0.8905076629769925,0.6484614839316462,0.6814501369331103,0.5836810710053144,0.5255071317032525,0.7142528219593043,0.7109570560832323,0.5947329735773375,0.5793212463705641,0.4335341590564387,0.40984242901446005,0.9229959736456809,0.9226742194826397,0.5698103126285715,0.6319000022826746,0.26448041135186157,0.307844896791271
9,0.0034467074661972117,0.0034422903055043776,4.417162389561905e-06,0.04628481050570384,0.05049166687775809,0.0361663396357836,0.03633625138634114,0.04617182812098231,0.0462499155799893,0.06187906441494724,0.06259538792891274,0.016815466106948992,0.016709137386550423,0.04402200964803384,0.03964065935295116,0.07378943729600661,0.07083535016580446,0.918867238198394,0.9215835314557425,0.971965298100205,0.9729734363569861,0.935023088882941,0.937265682150695,0.8634189831770155,0.8565951901996929,0.9968167062911485,0.9968452816386247,0.9412925201192247,0.9591772585954645,0.7878177578682959,0.8044989027066569,0.6736264736572145,0.6221607534791225,0.7984100676686029,0.8026312179999711,0.6781821506971326,0.6738912765190125,0.5028106711788516,0.500389767743936,0.9729562911485004,0.9726533924652524,0.6970647403094222,0.7506435168273448,0.3778426755674799,0.4075073152889539,0.006184995403147874,0.006179540094579972,5.455302650006964e-06,0.05843309651498477,0.06194160406315484,0.0450400815892141,0.045317807683440285,0.05668577087680383,0.05786952084833061,0.07218138619951936,0.07447615196031149,0.022528882925214565,0.022619542439425933,0.05810411397427713,0.05201815439887225,0.09844314859495505,0.09240405955304164,0.8522457486539424,0.8603070538005577,0.9258282954312348,0.9283905209070767,0.8737557855916058,0.8740332617068535,0.7994970008185458,0.7865412317292757,0.9811035871156661,0.9809663250366032,0.8552755867928746,0.8877609455044413,0.6458933547160985,0.6798413663797114,0.5863194774132696,0.5315481391169491,0.7090353869763509,0.7173183417250436,0.6030572545039706,0.5834804349203934,0.44716885891002583,0.42529548244280835,0.9191009776658579,0.9179113729806456,0.5591835710349579,0.6235181599375444,0.2727087564210068,0.31282618192418604
10,0.0032208375239318296,0.0032168619754159074,3.975548518328323e-06,0.04485974330305181,0.049203942638863456,0.03510714620562991,0.03527828951787964,0.04477320616893149,0.044881748629634455,0.060244213427255514,0.06110764895964362,0.016173304102895202,0.016098481637201578,0.042444038619753995,0.03833218126836415,0.07115405716271778,0.0683783822234423,0.9257222447917683,0.9277272311631309,0.9752308888076079,0.9754823518653987,0.9413748171177762,0.9433979517190929,0.8726088149253696,0.8662559436722751,0.9973996433796635,0.9974282187271397,0.9479242867593269,0.9643093910021946,0.8064248811265545,0.8188242959056183,0.6885174836175845,0.6375388624725676,0.8110883778346745,0.8150066294827946,0.6953902249473155,0.6921783558909878,0.519496388076624,0.5164491130255746,0.9756252286027798,0.9758824067300659,0.7184871068032187,0.7674115307263938,0.39689557425454314,0.42927715801460165,0.006112700328401305,0.00610453493267265,8.165402142217718e-06,0.05825420477499812,0.061616666677733814,0.04490828932989743,0.04557021860835057,0.05693377815677865,0.05816846377983973,0.07244733385578081,0.07500511354945415,0.022536676967486544,0.022487165401573805,0.057018227046178344,0.05170464492505239,0.0974148527485909,0.09149320346151928,0.854006427840642,0.8615438884034163,0.9287595049877642,0.9287595049877642,0.8733454753329778,0.8738974755190826,0.8005463916421112,0.7814197326474448,0.9813323572474377,0.9813323572474377,0.8629622632204003,0.8909652032405356,0.6506990033745941,0.686519978248881,0.5866452054956472,0.5359951352828767,0.7087195366402845,0.712517120827693,0.5972435412871192,0.5737363032854843,0.4463467623705745,0.4168324635021858,0.9173195224206234,0.9183261110004185,0.5742853516017361,0.6264906956720143,0.2799821706764171,0.3185926651797567
11,0.003037057584960657,0.003033445907500181,3.6116765486420655e-06,0.04372652294284554,0.04813712053191688,0.034213876779904506,0.034502296255466795,0.043624145068070184,0.0438926738489967,0.0589156402547482,0.05990586151255141,0.015735272195663005,0.015638735896622288,0.041167519761803995,0.037224299726420475,0.06905896273995502,0.06642837242796287,0.9307898408798031,0.9321849853694221,0.9779798372348207,0.9779512618873446,0.9461411850768106,0.9466646854447551,0.8806236283833211,0.8717778438229411,0.9978911393562546,0.9978511338697879,0.9528392465252378,0.9678813094367228,0.8182036393562546,0.8322775694974252,0.6997060074737321,0.648739255670439,0.8219047183635554,0.8227048280928897,0.7080033833233214,0.7022551664239137,0.5323347201912876,0.527796955012063,0.9781398591806877,0.9784941934893928,0.7336343269939612,0.782180413314916,0.41511292977431613,0.4448770117055524,0.006100054345561374,0.006093615631771985,6.43870906897998e-06,0.057872120432806574,0.06084935781907285,0.04449292660403129,0.045319695723833486,0.05680980398640102,0.05770336942662693,0.07275231605283862,0.0740793691961692,0.022329285825394084,0.022195843160888767,0.05664201193703216,0.05113869443219455,0.09597651364819022,0.09204834990345193,0.8565324362951002,0.8645680819912153,0.9308184361737085,0.9293100292825769,0.8767357010443424,0.8747682779111067,0.8003220492714844,0.7894753931556578,0.9811493411420205,0.9813323572474377,0.8639718036700482,0.8896855664811756,0.6685017474748379,0.6842824587186643,0.5921570326734776,0.5439046781024681,0.7135281372559018,0.7138867897484698,0.5936835827974065,0.5866433664785472,0.4395751664701353,0.42649394273757935,0.9194729136163983,0.920159224011713,0.5882019553317158,0.6410936097973088,0.29330397202015623,0.3180937986946385
12,0.0028658925057496146,0.0028625620975853685,3.3304072069180075e-06,0.04259262678377608,0.04707475361259601,0.03335663722930224,0.033570243437429065,0.04250573770748758,0.04281318529754954,0.057584806181893745,0.05867957677242524,0.015221057276274864,0.015146486496759938,0.039970242687458094,0.03621772733968686,0.06704248205418668,0.06452119194486212,0.9358553271182017,0.9367056053401609,0.9799286759326994,0.9803573061448427,0.9509018379663496,0.95161050658376,0.887173098024872,0.878889676300644,0.9979540051207023,0.9979882955376738,0.9578890819334164,0.9711617593269934,0.8313803035866717,0.8441786302121433,0.7113061045087334,0.6599533650329188,0.8307825073152889,0.8337829188002926,0.7205273866130212,0.7149300475515583,0.5455993964897514,0.5407461594754793,0.9803687362838333,0.9808087966349671,0.7497119604996197,0.7956039685464377,0.43220098756509884,0.461962783467992,0.005726762583662005,0.005721932665361733,4.829922131265681e-06,0.05587977867731674,0.05897734957265819,0.042739020281445404,0.04393372255736092,0.05473141394839193,0.05627709357708823,0.07010913205007159,0.07249674763350501,0.02150394946833088,0.021300511307179883,0.05465532376227756,0.04930813451015321,0.092429304176377,0.08797539182629104,0.8642771278083935,0.8701456453580284,0.9338367259345327,0.932465581122464,0.8839176072906785,0.8830040026548841,0.80809137814216,0.79894500071971,0.9818814055636896,0.9815611273792094,0.8735816251830161,0.8991994520930211,0.6859355074071256,0.7030371817627903,0.6123174158733551,0.5700302271507844,0.7384640816190058,0.7356642303145647,0.6246959570997107,0.6047132551059192,0.4731084399830719,0.44373730693345187,0.9233147758516002,0.9237250861102282,0.6046276507929164,0.6583871557806805,0.31356415008556093,0.3460937868885554
13,0.002720504290236592,0.002717409192673193,3.095096718655508e-06,0.041615699706074524,0.04615536416950959,0.032631692635651674,0.03286701107796911,0.041560796017935005,0.04195744998857989,0.056460149304828205,0.05770390684189767,0.014772017126672662,0.014705556754640085,0.038955994660951794,0.03523856357840961,0.06522712768167911,0.06276844638647087,0.9402867921225416,0.9413553858836724,0.9821861283833211,0.9817975036576445,0.9550795537673739,0.9551652798098025,0.8945032461616534,0.8844070043891734,0.9981254572055597,0.9981540325530358,0.9613066934915729,0.9741164502560351,0.8430424744008489,0.8544886155815655,0.721844868692239,0.6712703456517634,0.8409873354081787,0.8431327724945136,0.7319952450643601,0.726580788226745,0.5582605614527875,0.5506549469647001,0.9827004846378932,0.9829576627651793,0.7622736832501684,0.8072421360643746,0.44716875457314564,0.4787582297044334,0.005734030439587935,0.005727843787639755,6.186651546916895e-06,0.05607832475983992,0.05960213084532,0.04300012345675319,0.04405372210479673,0.05498969994790819,0.05618860349222734,0.07063750069081172,0.07232170813821943,0.021528074193314962,0.02141265123523499,0.054649335044500244,0.04969130256547324,0.09276480259889217,0.08817853937866398,0.8636766494105885,0.8689073347766089,0.9315017946991704,0.9313645326201074,0.881944280417737,0.881808494229966,0.8100617531452486,0.7953658550759535,0.9831167642752562,0.9829795021961932,0.8726621168075159,0.8980113232991008,0.6824552496216133,0.7076170121593671,0.6077459855100595,0.5606063737003555,0.7316393519739456,0.7289383884404799,0.6145400391839783,0.6006337670421181,0.45970693806603574,0.44716590704017295,0.9215274169539288,0.9222594813755979,0.6074555447300566,0.6554042884580911,0.3119125773320261,0.3389074528810744
14,0.002598269657573704,0.0025953688837953006,2.900773536781896e-06,0.04068903564547012,0.045244080142949894,0.031904588892222016,0.03207945083244142,0.04068980942941499,0.040993478823652126,0.05542036453391416,0.056663299815343654,0.014342911213591433,0.014271939293929017,0.03795753981020157,0.03443269554120928,0.06362943817883861,0.061327847359864136,0.9441684678077,0.9451364758639067,0.9836926207044479,0.98381035113823,0.9583520025625313,0.9589155084169425,0.9001760241448138,0.8895437088525897,0.9983060534037895,0.9983117684732847,0.9646282918811193,0.9762973207776008,0.853147860278526,0.8638716166799488,0.7320639413523256,0.6823324341634894,0.8497405358492761,0.8523694678170889,0.7431350585234017,0.7383686905643673,0.5703879389216975,0.5639962051949452,0.9845990307285739,0.9848047732304027,0.7756229425755268,0.8170400512075677,0.462360552304316,0.4920731986100951,0.00567213908750782,0.005665925654410869,6.213437107070719e-06,0.05582562963018742,0.059756436866556746,0.04275618885721504,0.04407915031731041,0.05491214702901257,0.056507731309245135,0.07039492601313319,0.07266245621473338,0.021559204223755294,0.021404000969350034,0.05433558678939,0.04882334582071266,0.09174456880434714,0.08679741364119692,0.8644791044742087,0.8673103716153526,0.9332419235919266,0.928898243045388,0.8816299059729625,0.8802115311559786,0.8076840197533849,0.7950116303445305,0.9825677159590044,0.9826134699853587,0.8736731332357247,0.9008953029379838,0.6892740754396989,0.7152166083825978,0.6121095346605969,0.5638519576143904,0.7349867756160775,0.7302682071618769,0.6166447243962769,0.599085509864338,0.4678437750824723,0.4486315118184376,0.9220808931185944,0.9226742194826397,0.6140913545299937,0.665207457577327,0.3199269116186642,0.35213036649747265
15,0.0024989809236784233,0.002496259811102844,2.7211131567225923e-06,0.03998764096156319,0.044621608968096534,0.0313813589288817,0.031550975683695026,0.03999179359198423,0.04033013170035917,0.054589162598723096,0.05593111919853686,0.014058557415657678,0.013996076942152387,0.03718204537696793,0.03377240995556966,0.06228616141088051,0.06014791095115642,0.9470995949757038,0.9481071689831748,0.9852722659107535,0.9853465618141917,0.9610289411119239,0.9606917520117044,0.9048212326261887,0.8935911210680322,0.998554087417703,0.998576947695684,0.9673783833211412,0.9778655358449159,0.8607123262618873,0.8703479334308705,0.7397394551791322,0.6893631126554499,0.8560088240673006,0.858812637163848,0.7527180870541187,0.7464543708873301,0.5785399140475349,0.571196049746145,0.9862152523774689,0.986403849670812,0.7844767282391955,0.8267419531821507,0.4758664045398394,0.5038153803972057,0.005710195907917266,0.005704411243103543,5.784661254794022e-06,0.055581567729898286,0.05920712631823029,0.04276959711513966,0.04365300362599717,0.054592418638473895,0.055589398609182494,0.07002283609301768,0.0714339450312612,0.021524817067148004,0.021377009101004762,0.05456563175586359,0.04917583216150805,0.09142248352681386,0.08722625394647676,0.8668916927075142,0.8704673994338006,0.935163592698808,0.9306826500732065,0.8850599820582444,0.884420901580576,0.8134888773606777,0.8036133872991426,0.9821101756954612,0.981927159590044,0.8718385443331382,0.9028154960663043,0.6927056274162728,0.7152977848471869,0.6162847321736865,0.5726883884404799,0.7389201459039881,0.7361675246044622,0.6236908444548421,0.6154211731641219,0.4686717753616294,0.45801551502585236,0.9236822840409956,0.9241855783308931,0.613322391691529,0.6612637557012968,0.3251886246494109,0.35048322154871714
16,0.0023898255697318,0.0023872094088475525,2.6161608113023178e-06,0.039249990479482424,0.0439075826815089,0.03081091064598681,0.031050238422109272,0.03926725745958705,0.03970951668818665,0.053715035890930095,0.05521956661303242,0.013757013126147669,0.013699186561648253,0.03632996505093655,0.03305368916040945,0.06088678432995046,0.058843110944195524,0.9503825942181111,0.9510904352596927,0.9869867867593269,0.986146671543526,0.9638750457205559,0.9633435442574981,0.908884647037308,0.8972979151448283,0.9986683888076079,0.9986626737381127,0.9699044440380395,0.980294440380395,0.870425658378186,0.8793926024162255,0.7479303812971931,0.6973116313105268,0.8631469458668617,0.8650020574271984,0.7617216075347476,0.7547560808383031,0.588758458305033,0.5799298189476885,0.9876725950987564,0.9878440471836137,0.7962360552347919,0.8350093727161523,0.4887596013211123,0.5169463240716609,0.005796411527660955,0.005791337869766183,5.073652106034923e-06,0.056630472288539256,0.06027458006813358,0.04358629033100378,0.0450533340040098,0.05538631559487318,0.057833146652967654,0.07053771265680148,0.07384272718510289,0.02205640469073682,0.021948158725997976,0.05506789103412174,0.05015039240796866,0.09277105988119218,0.08768809844206576,0.8611243010265411,0.8614907547460643,0.9311342865970439,0.9290724034539777,0.8781363646422089,0.8752656684612984,0.8103702238503173,0.7912037145690024,0.9812408491947291,0.9811950951683748,0.8699168752262568,0.8972276011113716,0.6794281041639616,0.7089335474227917,0.6033903845799964,0.5558435271110925,0.7245445260191732,0.7145214423777244,0.6175081471573033,0.5836132692383114,0.4668814645941052,0.42909011476036396,0.9195186676427526,0.9198817478964654,0.6028801420946247,0.6484053983171723,0.3117738393180367,0.3496124191130586
17,0.0022960995340051476,0.0022937780794448775,2.3214558833667745e-06,0.03852841011660709,0.043227876750473,0.03028639747462104,0.03044261822910283,0.0385910910537198,0.039004838396948384,0.052878243723324204,0.05443857212216425,0.013414781730030695,0.013358951659856778,0.03562546112583494,0.032357023630002354,0.05962674187097069,0.057616715154582644,0.9533823904824589,0.9544851865398684,0.9876383046817849,0.9874039868324799,0.9662239392831017,0.965835314557425,0.9144511247256767,0.9016185076832335,0.9987941203365033,0.9987884052670081,0.972245336505472,0.9821461228968544,0.8775009144132994,0.8868393379685298,0.7560101705981417,0.7059951079048723,0.8693340801045941,0.8723687820065693,0.7702267739619316,0.7645882863957427,0.5990524414787785,0.5889984912238334,0.9886270117044623,0.9888327542062911,0.8061139813481933,0.8440631858094295,0.5014790599864595,0.528451901975673,0.005635485631474437,0.00562865691408474,6.82871653957036e-06,0.05525698908502413,0.05924414462337644,0.04255703902403834,0.043840926467805096,0.05430442223797169,0.05565262237620999,0.06957350569295848,0.07123502527157698,0.021452265807957897,0.02137710449270806,0.05368008279946591,0.04867704188666616,0.0898869847919721,0.08685966770916,0.868079254253717,0.8668513554605174,0.9355325768667643,0.9298133235724744,0.8871661431618351,0.8807163013371682,0.8169292848595414,0.8050302862248344,0.9824762079062958,0.9824762079062958,0.8765556368960469,0.902631004069595,0.7028630212669317,0.7159885230909154,0.6191706422874554,0.575293416160092,0.7383253435613819,0.7298062390499199,0.6261187597214739,0.6108428186588372,0.47329588389326854,0.4652874533463362,0.924460102489019,0.9238653001464129,0.622879079459876,0.6654317998606848,0.33740790155586703,0.3562039507779335
18,0.0022243540022318163,0.002221906734920865,2.447267314445704e-06,0.03796977351025161,0.0426964527571706,0.02983953059230602,0.03006402691642276,0.038026671436967516,0.03847896800381244,0.05221415829695571,0.05380000732430334,0.013180087942353449,0.013121744668150038,0.03502818746982795,0.031882502841024,0.058582607750053944,0.05669209153419354,0.9553022142976588,0.9557996525237746,0.9885755760790051,0.9881698061448427,0.9677498628383321,0.967627560353314,0.9172115032918801,0.9055161850789907,0.9988398408924652,0.998879846378932,0.9735335131675201,0.9827976408193123,0.883907507317469,0.890319815291134,0.7625397698628091,0.7142613844206147,0.8747691111945722,0.8778095281660426,0.777233449163102,0.7704496616722462,0.6080125274345137,0.5957982809076409,0.9890842172640819,0.9892442392099488,0.8129606346034969,0.8499748536985812,0.5129172000775132,0.5405015544999928,0.0056744615154819475,0.005669151100014387,5.310415578735439e-06,0.05549505396881093,0.05919823802920334,0.04297254692168571,0.04375351951246206,0.05468503154246995,0.05591720121736757,0.0703908034476232,0.07161565974496556,0.021640586071561798,0.021581265683344526,0.053845608830561054,0.04884287305612602,0.09042578679816266,0.08656655377701558,0.866246140893347,0.8679893023796695,0.9347473787004742,0.9307697302775013,0.8829936711540334,0.881260921892275,0.8074035918555532,0.8001346054049222,0.9823846998535871,0.9822931918008785,0.8735358711566618,0.901215581122464,0.6999318117104023,0.7165390472984593,0.61628938729208,0.5663654772376595,0.7309043356824235,0.7323197586295546,0.6200792282427038,0.608231887286788,0.4687647593492645,0.45719046661654816,0.9234948400871645,0.9236793320838739,0.6181265644587326,0.6637787511722235,0.33914803049225756,0.3596783049110089
19,0.00215322276532729,0.0021508397326185404,2.3830324879066633e-06,0.0374376139202957,0.042175412374591534,0.029423487778744865,0.029588438279248213,0.037559796669387586,0.03792159558030631,0.05171370064061688,0.05322353099898627,0.012959590993975593,0.012915953475336089,0.03441826553351703,0.03139896145575539,0.057528385301832526,0.05586184384730517,0.957390588635324,0.9579256583760059,0.9892556693489393,0.9888670446232626,0.9698358632040965,0.9689100219458668,0.9197204188002926,0.9079165142669936,0.9988855614484272,0.9988969915874177,0.975442346378932,0.984609317849305,0.8898226042450477,0.8959891642304172,0.7682709294618615,0.7213217812728603,0.8803435899780542,0.8826696232626189,0.7830902523774689,0.7778415325552159,0.6133275420650917,0.6020208485778789,0.9898843269934162,0.9900786393562546,0.8203044989048868,0.8553664502582152,0.5238135515738772,0.5474590801067742,0.005776795762059951,0.005771689339814296,5.106432284341847e-06,0.05542673671544471,0.059016308923133295,0.04241726143861061,0.043484108478899934,0.05428645269751636,0.05589929817852565,0.06950957260175034,0.07182137173154605,0.02109137753032879,0.021012081492604962,0.05420560158767341,0.04897014314573296,0.09171537015352556,0.08711860032743975,0.8656953900485227,0.8692335167007949,0.9339267580959493,0.9306354200682913,0.8857905705013527,0.881260921892275,0.8109783096508959,0.7989420487625881,0.9823389458272328,0.9818814055636896,0.8711994638554698,0.8981958153830789,0.6930701837358153,0.7165862773033745,0.6195025009540828,0.5783618877084153,0.7399710125315765,0.7356214282453322,0.6280891347245625,0.6081005289474308,0.4782402706093879,0.45856603927703066,0.9247774287163775,0.924138348325978,0.6214621805341841,0.6667586666249601,0.33049756764143834,0.3589477164242662
20,0.002056841271519477,0.0020547152921445355,2.1259799256645037e-06,0.036765990522979665,0.04155055450714291,0.028947506412651168,0.02914219988263386,0.036938292462168905,0.0373672217048225,0.050920471159336594,0.05257382784202291,0.012662512131018978,0.012617483968596467,0.0336842507017666,0.03069262560654565,0.05630861638330506,0.054552295891773815,0.9602273727256884,0.9605545903438186,0.9906192849326849,0.9901186448427213,0.9720053035866717,0.9715618141916605,0.9237644019773081,0.911753611923921,0.9990684436722751,0.9990798738112655,0.9777889539158597,0.9858380577907827,0.8975436631331238,0.9032587326283689,0.7756021331175453,0.7282290142669936,0.8857420446254427,0.8874657095873888,0.7910319129502416,0.7840115215844626,0.62133435442793,0.6102071141206878,0.9913622439670667,0.9914822604264669,0.8297629389195174,0.865762161670066,0.535417428680293,0.5610186539879225,0.005700998366445624,0.005695710045515286,5.288319918583074e-06,0.055361634720318666,0.059417190223845,0.042531453255743965,0.04360741526597502,0.054582448130798024,0.05626479612927922,0.06973310645893326,0.07183228715937885,0.02131946083147346,0.02139648743039256,0.05379989006901555,0.04866697383692725,0.09040903969290141,0.0861406753475111,0.8667826998984307,0.8661650450652026,0.9345673144649098,0.9306324681984384,0.8827708047619676,0.8807163013371682,0.812854224731423,0.8005021135070488,0.9823846998535871,0.9822016837481699,0.8750428020692326,0.9012598591702574,0.6998875336626089,0.7191898290444259,0.6205527998594291,0.5728684527633131,0.7385054077969463,0.7336052991286204,0.6279090704889981,0.6057242714468591,0.4791110730450464,0.45875495907851926,0.9238653001464129,0.9240940702781845,0.6272773697295964,0.6685888276791329,0.34115973171692116,0.36572226419455833
21,0.0020320040036655245,0.0020297447689644546,2.259234274561909e-06,0.03650256501505289,0.04125899808745676,0.028698021321180708,0.02892532384046234,0.036683595306686266,0.037095282466614775,0.050621393550904066,0.0523001223144441,0.012554041696739626,0.012506389236346775,0.033419328635448116,0.030464466616590375,0.05588970738364317,0.05411665687022762,0.9609683983044286,0.9614610003679446,0.9904901243599122,0.9902443763716167,0.9727048280907096,0.9722967721309292,0.9249897128749086,0.9128120427988007,0.9989541422823701,0.9989655724213606,0.9782541605705926,0.9862895482809071,0.89990398683466,0.9052224305091152,0.7790291526715252,0.7321129754981422,0.888899049012436,0.8900569220943527,0.7949467355544845,0.7884349853737823,0.6266550841280031,0.6139824890314268,0.9914216806876371,0.9916159930504755,0.8337749177051794,0.868162490858069,0.5401175018310024,0.5671977871250914,0.005692454724041486,0.0056879387786311925,4.515945681502318e-06,0.05519104863777429,0.05858614810334729,0.042441206287434474,0.04396594488668756,0.05413199398028467,0.0560844679517156,0.06911672673584951,0.07158734566787064,0.021302070455710195,0.021101684989966726,0.05418745784217145,0.04851716290204888,0.09102479256089575,0.0854366030407685,0.8667280904370555,0.8687759764372517,0.932055270863836,0.9306811740946456,0.8856075543959354,0.8801229749731229,0.8163831885004114,0.8002733433752772,0.9805545387994143,0.9803715226939971,0.8741734755685004,0.90276974203995,0.6950390827603431,0.720656909670348,0.6222602308211005,0.583434680894039,0.7422587138492925,0.7322400580562575,0.6319870825742384,0.6111232465566688,0.48593285073298487,0.4655250790876665,0.9222624332454509,0.922857235588057,0.6178048103829603,0.6679453195275883,0.33343025313289415,0.3725809403429269
22,0.0016925350723452778,0.001690945233334702,1.5898379705271883e-06,0.03384906974748518,0.038957506266300616,0.02680854142327393,0.026977641290311254,0.03424222116585447,0.03473426461943317,0.04785468595970392,0.04981047112423853,0.011232497289963476,0.011159750407349778,0.03038149545767672,0.027782651144417102,0.05084837891771877,0.049247785073506765,0.9700882419802102,0.9697101316752011,0.9933819495245062,0.9931362015362106,0.9796257772494513,0.9785799195318216,0.9387687454279444,0.9241324524506218,0.9992456108266277,0.9992627560351134,0.9860495153621068,0.9916788588149232,0.9268242501828822,0.9307505029261156,0.8087900710328269,0.7621662399425677,0.9100310899802343,0.912637161670066,0.8265682150716753,0.8191066203365033,0.6610140819334164,0.6443580833986543,0.9945078182150695,0.9947592812728603,0.8700107443306511,0.8994719275786394,0.5963423555252233,0.6232969092904169,0.005409927720747381,0.005405498618951359,4.429108489409698e-06,0.05360029860894642,0.057419338240390465,0.041249135310051206,0.04230059577236675,0.052702775505940005,0.05448829420565424,0.06764703224608089,0.07031360628304248,0.020427838997372685,0.020332682657561444,0.05215820211693535,0.04692337092824858,0.08771360936638727,0.0831273749939781,0.8738748028896215,0.8752258181746498,0.9392371770229032,0.9324198270961097,0.8916913639224989,0.8865226349230217,0.8236536508423343,0.8064471850632574,0.9828422401171303,0.9825219619326501,0.8801672530209163,0.9083974872815312,0.714803346254117,0.7364420487625881,0.6358251084585839,0.5925397321385486,0.7513150592848636,0.7466009185918079,0.6464409271410583,0.6262161715138883,0.4985550583107056,0.47530758511793214,0.9283462427720144,0.9285292588774317,0.6404058234234331,0.6823120838028446,0.3614745194182389,0.3876827209097051
23,0.0015951567000318414,0.0015935890997328913,1.567600078250826e-06,0.03306889433744851,0.038267559320110646,0.02621817953704741,0.026406144029743582,0.033506510577599936,0.034003433590549116,0.04707350454347013,0.04897131697406233,0.010899362159755297,0.010844515391810094,0.02951497040435552,0.02703225990994435,0.04929907979946461,0.047858774248815815,0.9727888326293461,0.972619102048281,0.9943077907827359,0.9940163222384785,0.9818603694220922,0.9807002103145575,0.9422263624725676,0.9282815929041697,0.9992913313825896,0.9993027615215802,0.9880212143379663,0.9931247713972202,0.9350939557425019,0.9374085588880761,0.8182609965418409,0.7715126645983618,0.9172857991953182,0.9194289502560351,0.8373011155837456,0.8302144294096417,0.6701307607911413,0.6561334125844771,0.9953765087783467,0.9956451170446232,0.8806579188002926,0.90823312911485,0.6167680139012292,0.6387047366495977,0.0054209330220608585,0.005416277296961139,4.655720557336813e-06,0.05365217301181871,0.05757243077967474,0.04133268102654426,0.042338355917532655,0.05279067537227801,0.05444203505884327,0.0677143736806525,0.07018537246683507,0.020585787264387482,0.02046219996308927,0.05223836778154485,0.04699842507185995,0.08760420323552709,0.08321331301226798,0.8738455108720072,0.8751785882570035,0.9378645562322737,0.9323268430648401,0.8907290534777662,0.8863838968653979,0.825895598133696,0.807955591954389,0.982796486090776,0.9823846998535871,0.879114910414767,0.9075694870460086,0.7158999669080598,0.7358915245550444,0.6361793326227592,0.5917146837728788,0.7514936475418672,0.7466909506659557,0.645795942923684,0.6269939899619118,0.4977742879928293,0.47672448399998957,0.9272496221180716,0.9277071623816148,0.6418227222618561,0.6855591436954404,0.36229809189261664,0.3885062933840828
24,0.0015527953845068973,0.001551240491702517,1.554894014358853e-06,0.03273364495698583,0.038021046235331694,0.02600265262122508,0.026182417044839833,0.03321697246201538,0.03369543795632614,0.04673379238820263,0.048658613151657426,0.010763814428159674,0.010710518897954584,0.029110762005536965,0.02668269618598972,0.04857268279974281,0.047185962871207576,0.9738431308137822,0.9733597750570447,0.9942769294096417,0.9942563551572787,0.9825496068053988,0.9812888624725676,0.9438277249494956,0.9297480797388297,0.9993084765910754,0.9993141916605706,0.9887470281638625,0.9936162673738113,0.9387630303584492,0.9409038953935481,0.822424557297092,0.7757280998547843,0.9202073427256477,0.9217869879319533,0.8410536302165036,0.8350413771075058,0.6757452450665402,0.6588354974401939,0.9956108266276518,0.9957365581565472,0.8862301115581566,0.9126177304359623,0.6245233632062767,0.6484020665702196,0.005465207256101983,0.005460500435840262,4.706809848508575e-06,0.053812972342221835,0.057399123928906455,0.04145778738518585,0.04256516302312625,0.05296996018766135,0.0548075665726625,0.0678409588568207,0.07062075675722883,0.02058570915055877,0.020473254912043343,0.052305306363878104,0.047091350452988075,0.08793030196519931,0.0835213743826568,0.8727017741426717,0.8741262456508542,0.9379560642849823,0.9311387143581887,0.890270037322931,0.8849212440006206,0.8241554692409399,0.8075895597435545,0.981652635431918,0.9816068814055637,0.8779253057295546,0.9064713904135049,0.7132919874058635,0.7340170853658092,0.6353516739139968,0.5965660864577287,0.7502582888303005,0.7449080196166981,0.6444247980243465,0.6251594011029596,0.4985034005446455,0.4727896377335181,0.9263330656124243,0.9267463278281741,0.6409533957611241,0.6827681480878268,0.3616103055623754,0.3885505714755107
25,0.0015216789040648929,0.0015201429523718894,1.5359502971661072e-06,0.03248203083145178,0.03778524851275236,0.025830519779080467,0.02600622164724557,0.03298120928080732,0.033458019251136034,0.046454933335379194,0.04841624521401703,0.01067210853550496,0.010622299574611908,0.028831681134090667,0.026419745785427426,0.04810504162726323,0.0466831112280488,0.9747317801471513,0.9745908010241404,0.9947135607168983,0.9946964155084126,0.9829919531821507,0.9822604242867593,0.9448095738844184,0.9312991495976591,0.9993027615215802,0.9993199067300659,0.9892785296269203,0.9939077359180688,0.9406524323357573,0.9436894202633505,0.8251677906003064,0.7778758229721875,0.9219264356254572,0.923812408558888,0.8443157918800293,0.83740398683466,0.6782484455054576,0.6624405632816097,0.9959594458668617,0.996130897951719,0.8896225768127142,0.915462692026335,0.6299606803218727,0.6540211228968544,0.005430113297930099,0.00542524769500997,4.8655921759996155e-06,0.05370791787131639,0.05743776724604265,0.041397118616418295,0.04248260275227608,0.05294043761930302,0.05467374547006969,0.06778814798250991,0.07037452522441635,0.020589083088166454,0.020504008051373424,0.05212973093949422,0.04695097080228706,0.08755392793942336,0.08338084191596613,0.8735608813703322,0.8745852618056894,0.9379560642849823,0.9321453029379838,0.8904560052109323,0.8869801751865649,0.8252550417647355,0.8090994426132471,0.9822016837481699,0.9819729136163983,0.8797554667837274,0.9066529305403613,0.7164962452292267,0.7327344967365963,0.6359971108932272,0.5941883530658649,0.7515881074644287,0.745455591954389,0.6453871085563481,0.6256641713277836,0.4989196145866137,0.4749858309985254,0.9272038680917173,0.9276156543289061,0.6429665729207141,0.6838662447203305,0.36344341848640105,0.38667760826483655
26,0.0014975722276975435,0.0014960349030680642,1.5373243506513045e-06,0.032266657345402974,0.037586319861196434,0.02565684224068083,0.025833626020217385,0.032760409989490306,0.033216067958737626,0.04627866553511926,0.048168196816722256,0.01057620507441175,0.010525597715184867,0.02858232635999236,0.026250209889613806,0.047692532413356394,0.046339529957186265,0.975434557922408,0.9752537490855889,0.9947992867593269,0.9949307333577176,0.9836206108266277,0.9826604791514265,0.9459811631309437,0.93197124177248,0.9993427670080468,0.9993427670080468,0.9898671817849305,0.9943363661302121,0.9436299835427799,0.9449124451353328,0.8276362607382298,0.7804190288975715,0.92455536759327,0.9262790325552159,0.8478877103145575,0.8414022494557136,0.6802567209239065,0.6649757681064302,0.9960680321872714,0.9962794897585955,0.8924252468910022,0.9173600950987564,0.634211549013526,0.6571506949546307,0.005510486805819024,0.005505821865159707,4.664943622516958e-06,0.05391086426074037,0.057574017134278274,0.04158933217995862,0.0424884309934924,0.053058996082094016,0.054746621698795614,0.06791909003840271,0.07055999627977741,0.020628709584000038,0.02054808727406936,0.052452874284013996,0.04725550830440588,0.08816415313658568,0.0838553922449949,0.8719347397282742,0.8719743305209091,0.9374542459736457,0.9308184361737085,0.8894936947661997,0.8844179497107231,0.8238366669477516,0.8071777735063657,0.9811035871156661,0.9810120790629575,0.8777880436504917,0.9053732937810013,0.7126986610418183,0.7320024323149272,0.6351534441811623,0.591804715890661,0.7496605346178415,0.7459588862442865,0.6433222736306979,0.6252066310642405,0.5002376257413302,0.4748456170496096,0.9268835899072371,0.9268835899072371,0.6405401336326432,0.6824478699033466,0.36179479760271915,0.38740819675157917
27,0.001460520217543292,0.0014590597737903469,1.4604433720726073e-06,0.031979607107511555,0.03734910461592441,0.025478503751298023,0.025653659370499605,0.03254105669671796,0.032989498301413955,0.045975326055602256,0.047902901891629865,0.010460924845489985,0.010416707034793702,0.0282358771514341,0.025923955864010716,0.04707142738652659,0.04573593464671159,0.9763172279877129,0.9757509601316752,0.9950850402340893,0.9951421909290417,0.9841692574981712,0.983231986100951,0.9475813825896123,0.9332594184345282,0.9993370519385516,0.9993427670080468,0.9906272860277981,0.9948507223847842,0.9460840343818581,0.9476613935625458,0.8311771421360115,0.7844401517966061,0.9269556967812729,0.92770437088515,0.8508938368690563,0.8442072055596196,0.6847396214337966,0.6683750914432921,0.9961709034381858,0.9963766459400146,0.8973413496751722,0.9210748902706657,0.6424126737392027,0.6646100036587346,0.005461174356638649,0.0054563872987782175,4.787058534561284e-06,0.0537405390685116,0.05743515620207193,0.04141268074937918,0.04240368706437365,0.05292301797914819,0.05460485705006786,0.06781387785081458,0.07036674985359388,0.020564089244228853,0.02047619724095326,0.052298869133148324,0.047004390712472914,0.08791267802587016,0.08341073186449041,0.872673844566806,0.8743992939176881,0.9385051126012341,0.9309099442264172,0.8893106786607823,0.8849684740055358,0.8241569451322318,0.8082301161125149,0.9812866032210834,0.9812408491947291,0.8782455839140348,0.9067001605452765,0.713522233516196,0.7332835450528481,0.6366039477016008,0.5942769092487207,0.7519969418317647,0.7465994426132471,0.6434610116446874,0.6274028243292478,0.49909525101739877,0.47878046331608104,0.9275699003025518,0.9276614083552605,0.6410449038138327,0.6844138170580215,0.3626626481685247,0.39088550275450745
